{"entity_sounds":{"entities":{"yg:cat_doll":{"events":{"attack":{"pitch":1,"sound":"mob.jumpscare_sound2.attack","volume":50}},"pitch":[1],"volume":50},"yg:crawler":{"events":{"attack":{"pitch":1,"sound":"mob.jumpscare_sound.attack","volume":50}},"pitch":[1],"volume":50},"yg:centipede":{"events":{"attack":{"pitch":1,"sound":"mob.jumpscare_sound.attack","volume":50}},"pitch":[1],"volume":50},"yg:cyclops":{"events":{"attack":{"pitch":1,"sound":"mob.jumpscare_sound.attack","volume":50}},"pitch":[1],"volume":50}}}}