{"format_version":"1.10.0","animation_controllers":{"controller.animation.alone_jumpscare":{"states":{"default":{"transitions":[{"angry":"query.has_target ? (query.target -> q.has_any_family('monster'))"},{"angry1":"query.has_target ? (query.target -> q.has_any_family('mob'))"},{"angry2":"query.has_target ? (query.target -> q.has_any_family('player'))"},{"angry3":"query.has_target ? (query.target -> q.has_any_family('illager'))"},{"angry4":"query.has_target ? (query.target -> q.has_any_family('vex'))"}]},"angry":{"transitions":[{"default":"!query.has_target"}],"on_entry":["@s minecraft:attack_active"]},"angry1":{"transitions":[{"default":"!query.has_target"}],"on_entry":["@s minecraft:attack_active"]},"angry2":{"transitions":[{"default":"!query.has_target"}],"on_entry":["@s minecraft:attack_unactive"]},"angry3":{"transitions":[{"default":"!query.has_target"}],"on_entry":["@s minecraft:attack_active"]},"angry4":{"transitions":[{"default":"!query.has_target"}],"on_entry":["@s minecraft:attack_active"]}}}}}