{"format_version":"1.8.0","minecraft:entity":{"description":{"identifier":"yg:cat_doll","is_spawnable":true,"is_summonable":true,"is_experimental":false,"animations":{"target":"controller.animation.alone_jumpscare"},"scripts":{"animate":["target"]}},"component_groups":{"minecraft:do_jumpscare":{"minecraft:is_sheared":{},"minecraft:movement":{"value":0},"minecraft:timer":{"time":1.5,"time_down_event":{"event":"minecraft:jumpscare_unactive"}}},"minecraft:restart":{"minecraft:behavior.nearest_attackable_target":{"priority":2,"must_see":true,"reselect_targets":true,"within_radius":25,"must_see_forget_duration":17,"entity_types":[{"filters":{"any_of":[{"test":"is_family","subject":"other","value":"illager"},{"test":"is_family","subject":"other","value":"snowgolem"},{"test":"is_family","subject":"other","value":"irongolem"},{"test":"is_family","subject":"other","value":"vex"}]},"max_dist":35},{"filters":{"any_of":[{"test":"is_family","subject":"other","value":"villager"},{"test":"is_family","subject":"other","value":"player"},{"test":"is_family","subject":"other","value":"wandering_trader"}]},"max_dist":35,"must_see":false}]},"minecraft:behavior.melee_attack":{"priority":3,"track_target":true,"speed_multiplier":1.25,"on_attack":{"event":"minecraft:jumpscare_active","filters":{"all_of":[{"operator":"equals","subject":"target","test":"is_family","value":"player"},{"operator":"not","subject":"self","test":"has_component","value":"minecraft:is_sheared"}]},"target":"self"}},"minecraft:movement":{"value":0.25},"minecraft:attack":{"damage":15},"minecraft:rideable":{"rider_can_interact":false,"seat_count":1,"seats":[{"lock_rider_rotation":1,"position":[0,0.7,1],"rotate_rider_by":180}]},"minecraft:timer":{"time":0.3,"time_down_event":{"event":"minecraft:despawn"}}},"minecraft:attack_active":{"minecraft:attack":{"damage":99999999999}},"minecraft:attack_unactive":{"minecraft:attack":{"damage":0}},"minecraft:despawndead":{"minecraft:type_family":{"family":["despawn_"]}},"minecraft:vanish":{"minecraft:transformation":{"into":"yg:cat_doll_seen<minecraft:entity_spawned>"}}},"components":{"minecraft:is_hidden_when_invisible":{},"minecraft:nameable":{},"minecraft:type_family":{"family":["monster","mob","undead","doors_mamaw"]},"minecraft:collision_box":{"width":0.6,"height":2},"minecraft:movement.basic":{},"minecraft:navigation.walk":{"avoid_damage_blocks":true,"can_walk":true,"can_path_over_water":true,"avoid_water":false},"minecraft:movement":{"value":0.25},"minecraft:scale":{"value":1},"minecraft:jump.static":{},"minecraft:can_climb":{},"minecraft:attack":{"damage":15},"minecraft:health":{"value":30000,"max":30000},"minecraft:follow_range":{"value":30,"max":30},"minecraft:leashable":{"soft_distance":4,"hard_distance":6,"max_distance":10,"can_be_stolen":true},"minecraft:loot":{"table":"loot_tables/entities/null.json"},"minecraft:behavior.nearest_attackable_target":{"priority":2,"must_see":true,"reselect_targets":true,"within_radius":25,"must_see_forget_duration":17,"entity_types":[{"filters":{"any_of":[{"test":"is_family","subject":"other","value":"illager"},{"test":"is_family","subject":"other","value":"snowgolem"},{"test":"is_family","subject":"other","value":"irongolem"},{"test":"is_family","subject":"other","value":"vex"}]},"max_dist":35},{"filters":{"any_of":[{"test":"is_family","subject":"other","value":"villager"},{"test":"is_family","subject":"other","value":"player"},{"test":"is_family","subject":"other","value":"wandering_trader"}]},"max_dist":35,"must_see":false}]},"minecraft:behavior.melee_attack":{"priority":3,"track_target":true,"speed_multiplier":1.25,"on_attack":{"event":"minecraft:jumpscare_active","filters":{"all_of":[{"operator":"equals","subject":"target","test":"is_family","value":"player"},{"operator":"not","subject":"self","test":"has_component","value":"minecraft:is_sheared"}]},"target":"self"}},"minecraft:behavior.random_stroll":{"priority":7,"speed_multiplier":1},"minecraft:behavior.look_at_player":{"priority":8,"look_distance":6,"probability":0.02},"minecraft:behavior.random_look_around":{"priority":9},"minecraft:behavior.hurt_by_target":{"priority":1},"minecraft:knockback_resistance":{"value":0.7},"minecraft:physics":{},"minecraft:pushable":{"is_pushable":true,"is_pushable_by_piston":true},"minecraft:rideable":{"rider_can_interact":false,"seat_count":1,"seats":[{"lock_rider_rotation":1,"position":[0,0.7,1],"rotate_rider_by":180}]},"minecraft:despawn":{"filters":{"all_of":[{"test":"is_family","subject":"self","value":"despawn_"}]}},"minecraft:lookat":{"search_radius":32,"set_target":false,"look_cooldown":0,"look_event":{"event":"minecraft:vanish"},"filters":{"all_of":[{"subject":"other","test":"is_family","value":"player"},{"test":"has_equipment","domain":"head","subject":"other","operator":"not","value":"carved_pumpkin"}]}}},"events":{"minecraft:entity_spawned":{},"minecraft:jumpscare_active":{"add":{"component_groups":["minecraft:do_jumpscare"]},"run_command":{"command":["gamerule sendcommandfeedback false","effect @p[r=4] slowness 2 4 true","effect @p[r=4] blindness 2 4 true","camerashake add @p[c=1] 0.5 2 rotational","tag @e[type=player,c=1] add doors_jumpscare","execute @s ~ ~ ~ ride @e[type=!yg:cat_doll] start_riding @s"]}},"minecraft:jumpscare_unactive":{"add":{"component_groups":["minecraft:restart"]},"remove":{"component_groups":["minecraft:do_jumpscare"]},"run_command":{"command":["gamerule sendcommandfeedback true","damage @e[tag=doors_jumpscare,c=1] 10 magic","ride @e evict_riders"]}},"minecraft:attack_active":{"add":{"component_groups":["minecraft:attack_active"]},"remove":{"component_groups":["minecraft:attack_unactive"]}},"minecraft:attack_unactive":{"add":{"component_groups":["minecraft:attack_unactive"]},"remove":{"component_groups":["minecraft:attack_active"]}},"minecraft:despawn":{"add":{"component_groups":["minecraft:despawndead"]}},"minecraft:vanish":{"add":{"component_groups":["minecraft:vanish"]}}}}}