{"format_version":"1.8.0","minecraft:entity":{"description":{"identifier":"yg:cat_doll_seen","is_spawnable":false,"is_summonable":true,"is_experimental":false},"component_groups":{"minecraft:start_despawn":{"minecraft:timer":{"time":2.3,"time_down_event":{"event":"minecraft:despawn"}}},"minecraft:despawndead":{"minecraft:type_family":{"family":["despawn_"]}}},"components":{"minecraft:is_hidden_when_invisible":{},"minecraft:nameable":{},"minecraft:collision_box":{"width":0.6,"height":2},"minecraft:scale":{"value":1},"minecraft:health":{"value":30000,"max":30000},"minecraft:knockback_resistance":{"value":99},"minecraft:physics":{},"minecraft:pushable":{"is_pushable":false,"is_pushable_by_piston":false},"minecraft:despawn":{"filters":{"all_of":[{"test":"is_family","subject":"self","value":"despawn_"}]}}},"events":{"minecraft:entity_spawned":{"add":{"component_groups":["minecraft:start_despawn"]}},"minecraft:despawn":{"add":{"component_groups":["minecraft:despawndead"]}}}}}