{"format_version":"1.10.0","minecraft:client_entity":{"description":{"identifier":"yg:cat_doll","materials":{"default":"witch"},"textures":{"default":"textures/entity/yg_cat_doll"},"geometry":{"default":"geometry.yg_cat_doll"},"scripts":{"animate":["move","general"],"pre_animation":["variable.random = math.round(math.random(0,2));"]},"animations":{"moving":"animation.yg_cat_doll.move","move":"controller.animation.yg_cat_doll.move","gazo_general":"animation.yg_cat_doll.general","general":"controller.animation.yg_cat_doll.general","attack0":"animation.yg_cat_doll.attack","attack":"controller.animation.yg_cat_doll.attack","look_at_target":"animation.yg_cat_doll.looking","jumpscare":"animation.yg_cat_doll.jumpscare"},"render_controllers":["controller.render.witch"],"spawn_egg":{"texture":"yg:cat_doll","texture_index":0}}}}