{"format_version":"1.10.0","minecraft:client_entity":{"description":{"identifier":"yg:crawler","materials":{"default":"witch"},"textures":{"default":"textures/entity/yg_crawler"},"geometry":{"default":"geometry.yg_crawler"},"scripts":{"animate":["move","general"],"pre_animation":["variable.random = math.round(math.random(0,2));"]},"animations":{"moving":"animation.yg_crawler.move","move":"controller.animation.yg_crawler.move","gazo_general":"animation.yg_crawler.general","general":"controller.animation.yg_crawler.general","attack0":"animation.yg_crawler.attack","attack":"controller.animation.yg_crawler.attack","look_at_target":"animation.yg_crawler.looking","jumpscare":"animation.yg_crawler.jumpscare"},"render_controllers":["controller.render.witch"],"spawn_egg":{"texture":"yg:crawler","texture_index":0}}}}