{"format_version":"1.10.0","minecraft:client_entity":{"description":{"identifier":"yg:centipede","materials":{"default":"witch"},"textures":{"default":"textures/entity/yg_centipede"},"geometry":{"default":"geometry.yg_centipede"},"scripts":{"animate":["move","general"],"pre_animation":["variable.random = math.round(math.random(0,2));"],"scale":"2"},"animations":{"moving":"animation.yg_centipede.move","move":"controller.animation.yg_centipede.move","gazo_general":"animation.yg_centipede.general","general":"controller.animation.yg_centipede.general","attack0":"animation.yg_centipede.attack","attack":"controller.animation.yg_centipede.attack","look_at_target":"animation.yg_centipede.looking","jumpscare":"animation.yg_centipede.jumpscare"},"render_controllers":["controller.render.witch"],"spawn_egg":{"texture":"yg:centipede","texture_index":0}}}}