{"format_version":"1.10.0","minecraft:client_entity":{"description":{"identifier":"yg:cyclops","materials":{"default":"witch"},"textures":{"default":"textures/entity/yg_cyclops"},"geometry":{"default":"geometry.yg_cyclops"},"scripts":{"animate":["move","general"],"pre_animation":["variable.random = math.round(math.random(0,2));"],"scale":"2"},"animations":{"moving":"animation.yg_cyclops.move","move":"controller.animation.yg_cyclops.move","gazo_general":"animation.yg_cyclops.general","general":"controller.animation.yg_cyclops.general","attack0":"animation.yg_cyclops.attack","attack":"controller.animation.yg_cyclops.attack","look_at_target":"animation.yg_cyclops.looking","jumpscare":"animation.yg_cyclops.jumpscare"},"render_controllers":["controller.render.witch"],"spawn_egg":{"texture":"yg:cyclops","texture_index":0}}}}