{
  "format_version": "1.12.0",
  "minecraft:geometry": [
    {
      "description": {
        "identifier": "geometry.yg_cyclops",
        "texture_width": 128,
        "texture_height": 128,
        "visible_bounds_width": 3,
        "visible_bounds_height": 4.5,
        "visible_bounds_offset": [
          0,
          1.75,
          0
        ]
      },
      "bones": [
        {
          "name": "Root"
        },
        {
          "name": "Body",
          "pivot": [
            0,
            20,
            1.5
          ],
          "cubes": [
            {
              "origin": [
                -5.0,
                31.06077,
                -2.30541
              ],
              "size": [
                10.0,
                7.0,
                6.0
              ],
              "pivot": [
                0.0,
                34.56077,
                0.69459
              ],
              "rotation": [
                10.0,
                0.0,
                0.0
              ],
              "uv": [
                0,
                16
              ],
              "inflate": 0
            },
            {
              "origin": [
                -4.0,
                22.63489,
                -1.0
              ],
              "size": [
                8.0,
                9.0,
                5.0
              ],
              "uv": [
                27,
                24
              ],
              "inflate": 0
            },
            {
              "origin": [
                -4.5,
                19.63489,
                -1.5
              ],
              "size": [
                9.0,
                3.0,
                6.0
              ],
              "uv": [
                26,
                10
              ],
              "inflate": 0
            }
          ],
          "parent": "Root"
        },
        {
          "name": "Head",
          "pivot": [
            0,
            37,
            0
          ],
          "cubes": [
            {
              "origin": [
                -4.0,
                37.0,
                -4.0
              ],
              "size": [
                8.0,
                8.0,
                8.0
              ],
              "uv": [
                0,
                0
              ],
              "inflate": 0
            },
            {
              "origin": [
                1.0,
                43.12146,
                -4.61479
              ],
              "size": [
                2.0,
                5.0,
                2.0
              ],
              "pivot": [
                2.0,
                45.62146,
                -3.61479
              ],
              "rotation": [
                35.0,
                0.0,
                0.0
              ],
              "uv": [
                41,
                50
              ],
              "inflate": 0
            },
            {
              "origin": [
                -3.16953,
                43.10698,
                -2.618
              ],
              "size": [
                2.0,
                5.0,
                2.0
              ],
              "pivot": [
                -2.16953,
                45.60698,
                -1.618
              ],
              "rotation": [
                -12.31594,
                -2.15393,
                -9.76758
              ],
              "uv": [
                18,
                29
              ],
              "inflate": 0
            },
            {
              "origin": [
                -0.91491,
                42.11783,
                1.38441
              ],
              "size": [
                2.0,
                5.0,
                2.0
              ],
              "pivot": [
                0.08509,
                44.61783,
                2.38441
              ],
              "rotation": [
                -12.45392,
                1.08089,
                4.88206
              ],
              "uv": [
                0,
                29
              ],
              "inflate": 0
            },
            {
              "origin": [
                -5.62755,
                39.86934,
                -0.83123
              ],
              "size": [
                2.0,
                5.0,
                2.0
              ],
              "pivot": [
                -4.62755,
                42.36934,
                0.16877
              ],
              "rotation": [
                0.0,
                0.0,
                -40.0
              ],
              "uv": [
                24,
                0
              ],
              "inflate": 0
            },
            {
              "origin": [
                2.69035,
                39.8118,
                -0.83123
              ],
              "size": [
                2.0,
                5.0,
                2.0
              ],
              "pivot": [
                3.69035,
                42.3118,
                0.16877
              ],
              "rotation": [
                0.0,
                0.0,
                45.0
              ],
              "uv": [
                0,
                0
              ],
              "inflate": 0
            }
          ],
          "parent": "Body"
        },
        {
          "name": "Rightarm",
          "pivot": [
            -5,
            36,
            0
          ],
          "cubes": [
            {
              "origin": [
                -10.0,
                32.0,
                -2.5
              ],
              "size": [
                5.0,
                6.0,
                5.0
              ],
              "uv": [
                0,
                40
              ],
              "inflate": 0
            },
            {
              "origin": [
                -11.5579,
                32.5018,
                -2.66122
              ],
              "size": [
                2.0,
                5.0,
                2.0
              ],
              "pivot": [
                -10.5579,
                35.0018,
                -1.66122
              ],
              "rotation": [
                6.46635,
                7.64427,
                -49.56754
              ],
              "uv": [
                0,
                0
              ],
              "inflate": 0
            },
            {
              "origin": [
                -11.5579,
                32.5018,
                0.66122
              ],
              "size": [
                2.0,
                5.0,
                2.0
              ],
              "pivot": [
                -10.5579,
                35.0018,
                1.66122
              ],
              "rotation": [
                -6.46635,
                -7.64427,
                -49.56754
              ],
              "uv": [
                0,
                0
              ],
              "inflate": 0
            },
            {
              "origin": [
                -11.5579,
                28.5018,
                -1.0
              ],
              "size": [
                2.0,
                5.0,
                2.0
              ],
              "pivot": [
                -10.5579,
                31.0018,
                0.0
              ],
              "rotation": [
                0.0,
                0.0,
                -50.0
              ],
              "uv": [
                0,
                0
              ],
              "inflate": 0
            },
            {
              "origin": [
                -9.62,
                28.82,
                -2.12
              ],
              "size": [
                4.24,
                3.36,
                4.24
              ],
              "uv": [
                50,
                8
              ],
              "inflate": 0
            },
            {
              "origin": [
                -9.82,
                24.52,
                -2.32
              ],
              "size": [
                4.64,
                4.96,
                4.64
              ],
              "uv": [
                50,
                0
              ],
              "inflate": 0
            },
            {
              "origin": [
                -11.5579,
                24.5018,
                -1.0
              ],
              "size": [
                2.0,
                5.0,
                2.0
              ],
              "pivot": [
                -10.5579,
                27.0018,
                0.0
              ],
              "rotation": [
                0.0,
                0.0,
                -50.0
              ],
              "uv": [
                0,
                0
              ],
              "inflate": 0
            }
          ],
          "parent": "Body"
        },
        {
          "name": "bone",
          "pivot": [
            -7.5,
            25,
            0
          ],
          "cubes": [
            {
              "origin": [
                -9.5,
                19.0,
                -2.0
              ],
              "size": [
                4.0,
                6.0,
                4.0
              ],
              "uv": [
                48,
                19
              ],
              "inflate": 0
            },
            {
              "origin": [
                -9.66,
                14.84,
                -2.7
              ],
              "size": [
                4.32,
                4.32,
                5.4
              ],
              "uv": [
                32,
                0
              ],
              "inflate": 0
            }
          ],
          "parent": "Rightarm"
        },
        {
          "name": "Leftarm",
          "pivot": [
            5,
            36,
            0
          ],
          "cubes": [
            {
              "origin": [
                5.0,
                32.0,
                -2.5
              ],
              "size": [
                5.0,
                6.0,
                5.0
              ],
              "uv": [
                0,
                40
              ],
              "inflate": 0,
              "mirror": true
            },
            {
              "origin": [
                9.5579,
                32.5018,
                -2.66122
              ],
              "size": [
                2.0,
                5.0,
                2.0
              ],
              "pivot": [
                10.5579,
                35.0018,
                -1.66122
              ],
              "rotation": [
                6.46635,
                -7.64427,
                49.56754
              ],
              "uv": [
                0,
                0
              ],
              "inflate": 0,
              "mirror": true
            },
            {
              "origin": [
                9.5579,
                32.5018,
                0.66122
              ],
              "size": [
                2.0,
                5.0,
                2.0
              ],
              "pivot": [
                10.5579,
                35.0018,
                1.66122
              ],
              "rotation": [
                -6.46635,
                7.64427,
                49.56754
              ],
              "uv": [
                0,
                0
              ],
              "inflate": 0,
              "mirror": true
            },
            {
              "origin": [
                9.5579,
                28.5018,
                -1.0
              ],
              "size": [
                2.0,
                5.0,
                2.0
              ],
              "pivot": [
                10.5579,
                31.0018,
                0.0
              ],
              "rotation": [
                0.0,
                0.0,
                50.0
              ],
              "uv": [
                0,
                0
              ],
              "inflate": 0,
              "mirror": true
            },
            {
              "origin": [
                5.38,
                28.82,
                -2.12
              ],
              "size": [
                4.24,
                3.36,
                4.24
              ],
              "uv": [
                50,
                8
              ],
              "inflate": 0,
              "mirror": true
            },
            {
              "origin": [
                5.18,
                24.52,
                -2.32
              ],
              "size": [
                4.64,
                4.96,
                4.64
              ],
              "uv": [
                50,
                0
              ],
              "inflate": 0,
              "mirror": true
            },
            {
              "origin": [
                9.5579,
                24.5018,
                -1.0
              ],
              "size": [
                2.0,
                5.0,
                2.0
              ],
              "pivot": [
                10.5579,
                27.0018,
                0.0
              ],
              "rotation": [
                0.0,
                0.0,
                50.0
              ],
              "uv": [
                0,
                0
              ],
              "inflate": 0,
              "mirror": true
            }
          ],
          "parent": "Body"
        },
        {
          "name": "bone4",
          "pivot": [
            7.5,
            25,
            0
          ],
          "cubes": [
            {
              "origin": [
                5.5,
                19.0,
                -2.0
              ],
              "size": [
                4.0,
                6.0,
                4.0
              ],
              "uv": [
                48,
                19
              ],
              "inflate": 0,
              "mirror": true
            },
            {
              "origin": [
                5.34,
                14.84,
                -2.7
              ],
              "size": [
                4.32,
                4.32,
                5.4
              ],
              "uv": [
                32,
                0
              ],
              "inflate": 0,
              "mirror": true
            }
          ],
          "parent": "Leftarm"
        },
        {
          "name": "Rightleg",
          "pivot": [
            -3.5,
            21,
            1.5
          ],
          "cubes": [
            {
              "origin": [
                -6.0,
                11.0,
                -1.0
              ],
              "size": [
                5.0,
                10.0,
                5.0
              ],
              "uv": [
                21,
                38
              ],
              "inflate": 0
            }
          ],
          "parent": "Root"
        },
        {
          "name": "bone2",
          "pivot": [
            -3.5,
            11,
            1.5
          ],
          "cubes": [
            {
              "origin": [
                -5.7,
                2.6,
                -0.7
              ],
              "size": [
                4.4,
                8.8,
                4.4
              ],
              "uv": [
                41,
                38
              ],
              "inflate": 0
            },
            {
              "origin": [
                -6.0,
                0.0,
                -4.0
              ],
              "size": [
                5.0,
                3.0,
                8.0
              ],
              "uv": [
                0,
                29
              ],
              "inflate": 0
            }
          ],
          "parent": "Rightleg"
        },
        {
          "name": "Leftleg",
          "pivot": [
            3.5,
            21,
            1.5
          ],
          "cubes": [
            {
              "origin": [
                1.0,
                11.0,
                -1.0
              ],
              "size": [
                5.0,
                10.0,
                5.0
              ],
              "uv": [
                21,
                38
              ],
              "inflate": 0,
              "mirror": true
            }
          ],
          "parent": "Root"
        },
        {
          "name": "bone3",
          "pivot": [
            3.5,
            11,
            1.5
          ],
          "cubes": [
            {
              "origin": [
                1.3,
                2.6,
                -0.7
              ],
              "size": [
                4.4,
                8.8,
                4.4
              ],
              "uv": [
                41,
                38
              ],
              "inflate": 0,
              "mirror": true
            },
            {
              "origin": [
                1.0,
                0.0,
                -4.0
              ],
              "size": [
                5.0,
                3.0,
                8.0
              ],
              "uv": [
                0,
                29
              ],
              "inflate": 0,
              "mirror": true
            }
          ],
          "parent": "Leftleg"
        }
      ]
    }
  ]
}