{
  "format_version": "1.12.0",
  "minecraft:geometry": [
    {
      "description": {
        "identifier": "geometry.yg_centipede",
        "texture_width": 128,
        "texture_height": 128,
        "visible_bounds_width": 8,
        "visible_bounds_height": 2.5,
        "visible_bounds_offset": [
          0,
          0.75,
          0
        ]
      },
      "bones": [
        {
          "name": "Root"
        },
        {
          "name": "Body",
          "pivot": [
            0,
            4.66509,
            -15.2426
          ],
          "cubes": [
            {
              "origin": [
                -5.0,
                -1.0,
                -23.0
              ],
              "size": [
                10.0,
                5.0,
                11.0
              ],
              "uv": [
                0,
                23
              ],
              "inflate": 0
            },
            {
              "origin": [
                -3.0,
                2.27709,
                -24.04638
              ],
              "size": [
                6.0,
                7.0,
                16.0
              ],
              "pivot": [
                0.0,
                5.77709,
                -16.04638
              ],
              "rotation": [
                15.0,
                0.0,
                0.0
              ],
              "uv": [
                0,
                0
              ],
              "inflate": 0
            },
            {
              "origin": [
                -8.27957,
                1.23091,
                -23.74293
              ],
              "size": [
                6.0,
                6.0,
                11.0
              ],
              "pivot": [
                -5.27957,
                4.23091,
                -18.24293
              ],
              "rotation": [
                12.2127,
                2.68507,
                -12.2127
              ],
              "uv": [
                57,
                5
              ],
              "inflate": 0
            },
            {
              "origin": [
                2.38779,
                1.42393,
                -23.87229
              ],
              "size": [
                6.0,
                6.0,
                11.0
              ],
              "pivot": [
                5.38779,
                4.92393,
                -17.37229
              ],
              "rotation": [
                12.2127,
                -2.68507,
                12.2127
              ],
              "uv": [
                56,
                49
              ],
              "inflate": 0
            },
            {
              "origin": [
                1.28751,
                3.12582,
                -14.21168
              ],
              "size": [
                6.0,
                6.0,
                7.0
              ],
              "pivot": [
                4.28751,
                6.12582,
                -10.71168
              ],
              "rotation": [
                13.19329,
                -22.20576,
                7.73061
              ],
              "uv": [
                0,
                71
              ],
              "inflate": 0
            },
            {
              "origin": [
                -7.28751,
                3.12582,
                -14.21168
              ],
              "size": [
                6.0,
                6.0,
                7.0
              ],
              "pivot": [
                -4.28751,
                6.12582,
                -10.71168
              ],
              "rotation": [
                13.19329,
                22.20576,
                -7.73061
              ],
              "uv": [
                60,
                66
              ],
              "inflate": 0
            }
          ],
          "parent": "Root"
        },
        {
          "name": "Head",
          "pivot": [
            0,
            3,
            -24
          ],
          "cubes": [
            {
              "origin": [
                -4.0,
                0.0,
                -31.0
              ],
              "size": [
                8.0,
                6.0,
                8.0
              ],
              "uv": [
                28,
                63
              ],
              "inflate": 0
            },
            {
              "origin": [
                4.30987,
                0.89237,
                -31.91506
              ],
              "size": [
                1.0,
                0.0,
                5.0
              ],
              "pivot": [
                4.80987,
                0.89237,
                -29.41506
              ],
              "rotation": [
                0.0,
                -30.0,
                7.5
              ],
              "uv": [
                0,
                23
              ],
              "inflate": 0
            },
            {
              "origin": [
                1.6164,
                0.22733,
                -32.87457
              ],
              "size": [
                1.0,
                0.0,
                3.0
              ],
              "pivot": [
                2.1164,
                0.22733,
                -31.37457
              ],
              "rotation": [
                30.0,
                -30.0,
                7.5
              ],
              "uv": [
                0,
                3
              ],
              "inflate": 0
            },
            {
              "origin": [
                -2.61639,
                0.22735,
                -32.87458
              ],
              "size": [
                1.0,
                0.0,
                3.0
              ],
              "pivot": [
                -2.11639,
                0.22735,
                -31.37458
              ],
              "rotation": [
                30.0,
                30.0,
                -7.5
              ],
              "uv": [
                0,
                0
              ],
              "inflate": 0
            },
            {
              "origin": [
                2.141,
                -1.43356,
                -36.10553
              ],
              "size": [
                1.0,
                0.0,
                4.0
              ],
              "pivot": [
                2.641,
                -1.43356,
                -34.10553
              ],
              "rotation": [
                26.09072,
                -10.07442,
                18.70606
              ],
              "uv": [
                5,
                23
              ],
              "inflate": 0
            },
            {
              "origin": [
                -3.141,
                -1.43356,
                -36.10553
              ],
              "size": [
                1.0,
                0.0,
                4.0
              ],
              "pivot": [
                -2.641,
                -1.43356,
                -34.10553
              ],
              "rotation": [
                26.09072,
                10.07442,
                -18.70606
              ],
              "uv": [
                3,
                23
              ],
              "inflate": 0
            },
            {
              "origin": [
                -5.30987,
                0.89237,
                -31.91506
              ],
              "size": [
                1.0,
                0.0,
                5.0
              ],
              "pivot": [
                -4.80987,
                0.89237,
                -29.41506
              ],
              "rotation": [
                0.0,
                30.0,
                -7.5
              ],
              "uv": [
                0,
                0
              ],
              "inflate": 0
            },
            {
              "origin": [
                4.9738,
                0.80496,
                -37.19773
              ],
              "size": [
                1.0,
                0.0,
                6.0
              ],
              "pivot": [
                5.4738,
                0.80496,
                -34.19773
              ],
              "rotation": [
                0.0,
                10.0,
                7.5
              ],
              "uv": [
                22,
                6
              ],
              "inflate": 0
            },
            {
              "origin": [
                -5.9738,
                0.80496,
                -37.19773
              ],
              "size": [
                1.0,
                0.0,
                6.0
              ],
              "pivot": [
                -5.4738,
                0.80496,
                -34.19773
              ],
              "rotation": [
                0.0,
                -10.0,
                -7.5
              ],
              "uv": [
                22,
                0
              ],
              "inflate": 0
            },
            {
              "origin": [
                -3.0,
                4.5,
                -24.40192
              ],
              "size": [
                1.0,
                6.0,
                0.0
              ],
              "pivot": [
                -2.5,
                7.5,
                -24.40192
              ],
              "rotation": [
                -60.0,
                0.0,
                0.0
              ],
              "uv": [
                32,
                4
              ],
              "inflate": 0
            },
            {
              "origin": [
                2.0,
                4.5,
                -24.40192
              ],
              "size": [
                1.0,
                6.0,
                0.0
              ],
              "pivot": [
                2.5,
                7.5,
                -24.40192
              ],
              "rotation": [
                -60.0,
                0.0,
                0.0
              ],
              "uv": [
                30,
                4
              ],
              "inflate": 0
            },
            {
              "origin": [
                -3.0,
                6.39158,
                -18.82951
              ],
              "size": [
                1.0,
                6.0,
                0.0
              ],
              "pivot": [
                -2.5,
                9.39158,
                -18.82951
              ],
              "rotation": [
                -82.5,
                0.0,
                0.0
              ],
              "uv": [
                31,
                28
              ],
              "inflate": 0
            },
            {
              "origin": [
                2.0,
                6.39158,
                -18.82951
              ],
              "size": [
                1.0,
                6.0,
                0.0
              ],
              "pivot": [
                2.5,
                9.39158,
                -18.82951
              ],
              "rotation": [
                -82.5,
                0.0,
                0.0
              ],
              "uv": [
                0,
                0
              ],
              "inflate": 0
            },
            {
              "origin": [
                2.45854,
                0.5,
                -30.7282
              ],
              "size": [
                3.0,
                5.0,
                8.0
              ],
              "pivot": [
                3.95854,
                3.0,
                -26.7282
              ],
              "rotation": [
                0.0,
                20.0,
                0.0
              ],
              "uv": [
                40,
                77
              ],
              "inflate": 0
            },
            {
              "origin": [
                -5.45854,
                0.5,
                -30.7282
              ],
              "size": [
                3.0,
                5.0,
                8.0
              ],
              "pivot": [
                -3.95854,
                3.0,
                -26.7282
              ],
              "rotation": [
                0.0,
                -20.0,
                0.0
              ],
              "uv": [
                18,
                77
              ],
              "inflate": 0
            },
            {
              "origin": [
                -3.91708,
                0.5,
                -23.4564
              ],
              "size": [
                8.0,
                5.0,
                1.0
              ],
              "uv": [
                83,
                26
              ],
              "inflate": 0
            }
          ],
          "parent": "Body"
        },
        {
          "name": "Rightarm",
          "pivot": [
            -5,
            1.5,
            -19
          ],
          "cubes": [
            {
              "origin": [
                -18.4955,
                0.0,
                -20.40836
              ],
              "size": [
                8.0,
                3.0,
                3.0
              ],
              "uv": [
                79,
                48
              ],
              "inflate": 0
            },
            {
              "origin": [
                -23.62538,
                0.1,
                -24.15945
              ],
              "size": [
                9.42,
                2.44,
                2.44
              ],
              "pivot": [
                -18.91538,
                1.32,
                -22.93945
              ],
              "rotation": [
                0.0,
                -60.0,
                0.0
              ],
              "uv": [
                77,
                79
              ],
              "inflate": 0
            },
            {
              "origin": [
                -23.2813,
                0.3,
                -30.86286
              ],
              "size": [
                11.0,
                2.0,
                2.0
              ],
              "pivot": [
                -17.7813,
                1.3,
                -29.86286
              ],
              "rotation": [
                -180.0,
                -47.5,
                180.0
              ],
              "uv": [
                56,
                0
              ],
              "inflate": 0
            },
            {
              "origin": [
                -14.71438,
                0.0,
                -37.39244
              ],
              "size": [
                4.0,
                2.0,
                4.0
              ],
              "pivot": [
                -12.71438,
                1.0,
                -35.39244
              ],
              "rotation": [
                -180.0,
                -47.5,
                180.0
              ],
              "uv": [
                53,
                22
              ],
              "inflate": 0
            },
            {
              "origin": [
                -13.98215,
                0.85716,
                -39.45745
              ],
              "size": [
                5.0,
                1.0,
                1.0
              ],
              "pivot": [
                -11.48215,
                1.35716,
                -38.95745
              ],
              "rotation": [
                -166.71018,
                -46.03805,
                161.83277
              ],
              "uv": [
                56,
                4
              ],
              "inflate": 0
            },
            {
              "origin": [
                -11.77032,
                0.85716,
                -37.43068
              ],
              "size": [
                5.0,
                1.0,
                1.0
              ],
              "pivot": [
                -9.27032,
                1.35716,
                -36.93068
              ],
              "rotation": [
                -166.71018,
                -46.03805,
                161.83277
              ],
              "uv": [
                31,
                23
              ],
              "inflate": 0
            },
            {
              "origin": [
                -11.7706,
                0.55572,
                -35.5867
              ],
              "size": [
                5.0,
                1.0,
                1.0
              ],
              "pivot": [
                -9.2706,
                1.05572,
                -35.0867
              ],
              "rotation": [
                -170.62247,
                -11.66118,
                169.57004
              ],
              "uv": [
                0,
                13
              ],
              "inflate": 0
            },
            {
              "origin": [
                -7.29651,
                0.46523,
                -36.40952
              ],
              "size": [
                3.0,
                1.0,
                1.0
              ],
              "pivot": [
                -5.79651,
                0.96523,
                -35.90952
              ],
              "rotation": [
                -178.45963,
                -14.84527,
                -157.17094
              ],
              "uv": [
                30,
                2
              ],
              "inflate": 0
            },
            {
              "origin": [
                -10.90509,
                0.45339,
                -42.26989
              ],
              "size": [
                4.0,
                1.0,
                1.0
              ],
              "pivot": [
                -8.90509,
                0.95339,
                -41.76989
              ],
              "rotation": [
                151.38072,
                -39.68013,
                -139.48325
              ],
              "uv": [
                30,
                0
              ],
              "inflate": 0
            },
            {
              "origin": [
                -8.69323,
                0.45339,
                -40.24308
              ],
              "size": [
                4.0,
                1.0,
                1.0
              ],
              "pivot": [
                -6.69323,
                0.95339,
                -39.74308
              ],
              "rotation": [
                151.38072,
                -39.68013,
                -139.48325
              ],
              "uv": [
                0,
                30
              ],
              "inflate": 0
            },
            {
              "origin": [
                -24.75586,
                1.0,
                -32.21404
              ],
              "size": [
                11.0,
                0.0,
                2.0
              ],
              "pivot": [
                -19.25586,
                1.0,
                -31.21404
              ],
              "rotation": [
                -180.0,
                -47.5,
                180.0
              ],
              "uv": [
                29,
                26
              ],
              "inflate": 0
            },
            {
              "origin": [
                -11.0955,
                -0.3,
                -20.70836
              ],
              "size": [
                7.2,
                3.6,
                3.6
              ],
              "uv": [
                79,
                66
              ],
              "inflate": 0
            }
          ],
          "parent": "Body",
          "rotation": [
            0,
            27.5,
            0
          ]
        },
        {
          "name": "Leftarm",
          "pivot": [
            5,
            1.5,
            -19
          ],
          "cubes": [
            {
              "origin": [
                10.4955,
                0.0,
                -20.40836
              ],
              "size": [
                8.0,
                3.0,
                3.0
              ],
              "uv": [
                79,
                48
              ],
              "inflate": 0,
              "mirror": true
            },
            {
              "origin": [
                14.20538,
                0.1,
                -24.15945
              ],
              "size": [
                9.42,
                2.44,
                2.44
              ],
              "pivot": [
                18.91538,
                1.32,
                -22.93945
              ],
              "rotation": [
                0.0,
                60.0,
                0.0
              ],
              "uv": [
                77,
                79
              ],
              "inflate": 0,
              "mirror": true
            },
            {
              "origin": [
                12.2813,
                0.3,
                -30.86286
              ],
              "size": [
                11.0,
                2.0,
                2.0
              ],
              "pivot": [
                17.7813,
                1.3,
                -29.86286
              ],
              "rotation": [
                -180.0,
                47.5,
                -180.0
              ],
              "uv": [
                56,
                0
              ],
              "inflate": 0,
              "mirror": true
            },
            {
              "origin": [
                10.71438,
                0.0,
                -37.39244
              ],
              "size": [
                4.0,
                2.0,
                4.0
              ],
              "pivot": [
                12.71438,
                1.0,
                -35.39244
              ],
              "rotation": [
                -180.0,
                47.5,
                -180.0
              ],
              "uv": [
                53,
                22
              ],
              "inflate": 0,
              "mirror": true
            },
            {
              "origin": [
                8.98215,
                0.85716,
                -39.45745
              ],
              "size": [
                5.0,
                1.0,
                1.0
              ],
              "pivot": [
                11.48215,
                1.35716,
                -38.95745
              ],
              "rotation": [
                -166.71018,
                46.03805,
                -161.83277
              ],
              "uv": [
                56,
                4
              ],
              "inflate": 0,
              "mirror": true
            },
            {
              "origin": [
                6.77032,
                0.85716,
                -37.43068
              ],
              "size": [
                5.0,
                1.0,
                1.0
              ],
              "pivot": [
                9.27032,
                1.35716,
                -36.93068
              ],
              "rotation": [
                -166.71018,
                46.03805,
                -161.83277
              ],
              "uv": [
                31,
                23
              ],
              "inflate": 0,
              "mirror": true
            },
            {
              "origin": [
                6.7706,
                0.55572,
                -35.5867
              ],
              "size": [
                5.0,
                1.0,
                1.0
              ],
              "pivot": [
                9.2706,
                1.05572,
                -35.0867
              ],
              "rotation": [
                -170.62247,
                11.66118,
                -169.57004
              ],
              "uv": [
                0,
                13
              ],
              "inflate": 0,
              "mirror": true
            },
            {
              "origin": [
                4.29651,
                0.46523,
                -36.40952
              ],
              "size": [
                3.0,
                1.0,
                1.0
              ],
              "pivot": [
                5.79651,
                0.96523,
                -35.90952
              ],
              "rotation": [
                -178.45963,
                14.84527,
                157.17094
              ],
              "uv": [
                30,
                2
              ],
              "inflate": 0,
              "mirror": true
            },
            {
              "origin": [
                6.90509,
                0.45339,
                -42.26989
              ],
              "size": [
                4.0,
                1.0,
                1.0
              ],
              "pivot": [
                8.90509,
                0.95339,
                -41.76989
              ],
              "rotation": [
                151.38072,
                39.68013,
                139.48325
              ],
              "uv": [
                30,
                0
              ],
              "inflate": 0,
              "mirror": true
            },
            {
              "origin": [
                4.69323,
                0.45339,
                -40.24308
              ],
              "size": [
                4.0,
                1.0,
                1.0
              ],
              "pivot": [
                6.69323,
                0.95339,
                -39.74308
              ],
              "rotation": [
                151.38072,
                39.68013,
                139.48325
              ],
              "uv": [
                0,
                30
              ],
              "inflate": 0,
              "mirror": true
            },
            {
              "origin": [
                13.75586,
                1.0,
                -32.21404
              ],
              "size": [
                11.0,
                0.0,
                2.0
              ],
              "pivot": [
                19.25586,
                1.0,
                -31.21404
              ],
              "rotation": [
                -180.0,
                47.5,
                -180.0
              ],
              "uv": [
                29,
                26
              ],
              "inflate": 0,
              "mirror": true
            },
            {
              "origin": [
                3.8955,
                -0.3,
                -20.70836
              ],
              "size": [
                7.2,
                3.6,
                3.6
              ],
              "uv": [
                79,
                66
              ],
              "inflate": 0,
              "mirror": true
            }
          ],
          "parent": "Body",
          "rotation": [
            0,
            -27.5,
            0
          ]
        },
        {
          "name": "bone",
          "pivot": [
            0,
            4,
            -12
          ],
          "cubes": [
            {
              "origin": [
                -4.0,
                -1.0,
                -12.0
              ],
              "size": [
                8.0,
                5.0,
                11.0
              ],
              "uv": [
                29,
                44
              ],
              "inflate": 0
            },
            {
              "origin": [
                -5.0,
                2.80421,
                -10.01283
              ],
              "size": [
                10.0,
                6.0,
                10.0
              ],
              "pivot": [
                0.0,
                5.80421,
                -5.01283
              ],
              "rotation": [
                -7.5,
                0.0,
                0.0
              ],
              "uv": [
                0,
                39
              ],
              "inflate": 0
            }
          ],
          "parent": "Body"
        },
        {
          "name": "bone2",
          "pivot": [
            0,
            4,
            -1
          ],
          "cubes": [
            {
              "origin": [
                -3.5,
                -1.0,
                -1.0
              ],
              "size": [
                7.0,
                5.0,
                11.0
              ],
              "uv": [
                0,
                55
              ],
              "inflate": 0
            },
            {
              "origin": [
                -4.5,
                1.88231,
                -0.20434
              ],
              "size": [
                9.0,
                5.0,
                11.0
              ],
              "pivot": [
                0.0,
                4.38231,
                5.29566
              ],
              "rotation": [
                -7.5,
                0.0,
                0.0
              ],
              "uv": [
                31,
                28
              ],
              "inflate": 0
            }
          ],
          "parent": "bone"
        },
        {
          "name": "Leg",
          "pivot": [
            -3,
            2,
            3.5
          ],
          "cubes": [
            {
              "origin": [
                -10.59627,
                3.85673,
                2.0
              ],
              "size": [
                5.0,
                3.0,
                3.0
              ],
              "pivot": [
                -8.09627,
                5.35673,
                3.5
              ],
              "rotation": [
                0.0,
                0.0,
                40.0
              ],
              "uv": [
                32,
                77
              ],
              "inflate": 0
            },
            {
              "origin": [
                -17.51393,
                1.79883,
                2.5
              ],
              "size": [
                9.0,
                2.0,
                2.0
              ],
              "pivot": [
                -13.01393,
                2.79883,
                3.5
              ],
              "rotation": [
                0.0,
                0.0,
                -40.0
              ],
              "uv": [
                79,
                54
              ],
              "inflate": 0
            },
            {
              "origin": [
                -18.83022,
                -0.58468,
                2.0
              ],
              "size": [
                4.0,
                1.0,
                3.0
              ],
              "uv": [
                52,
                66
              ],
              "inflate": 0
            },
            {
              "origin": [
                -22.48664,
                0.14262,
                4.0
              ],
              "size": [
                4.0,
                1.0,
                1.0
              ],
              "pivot": [
                -20.48664,
                0.64262,
                4.5
              ],
              "rotation": [
                0.0,
                0.0,
                22.5
              ],
              "uv": [
                0,
                28
              ],
              "inflate": 0
            },
            {
              "origin": [
                -22.48664,
                0.14262,
                2.0
              ],
              "size": [
                4.0,
                1.0,
                1.0
              ],
              "pivot": [
                -20.48664,
                0.64262,
                2.5
              ],
              "rotation": [
                0.0,
                0.0,
                22.5
              ],
              "uv": [
                0,
                28
              ],
              "inflate": 0
            },
            {
              "origin": [
                -19.56137,
                0.01333,
                0.85059
              ],
              "size": [
                4.0,
                1.0,
                1.0
              ],
              "pivot": [
                -17.56137,
                0.51333,
                1.35059
              ],
              "rotation": [
                0.0,
                -32.5,
                22.5
              ],
              "uv": [
                0,
                28
              ],
              "inflate": 0
            },
            {
              "origin": [
                -22.51032,
                -0.03005,
                -0.87451
              ],
              "size": [
                4.0,
                1.0,
                1.0
              ],
              "pivot": [
                -20.51032,
                0.46995,
                -0.37451
              ],
              "rotation": [
                22.26914,
                -24.30509,
                -22.35385
              ],
              "uv": [
                0,
                28
              ],
              "inflate": 0
            },
            {
              "origin": [
                -25.62511,
                -0.06308,
                4.0
              ],
              "size": [
                4.0,
                1.0,
                1.0
              ],
              "pivot": [
                -23.62511,
                0.43692,
                4.5
              ],
              "rotation": [
                0.0,
                0.0,
                -30.0
              ],
              "uv": [
                0,
                28
              ],
              "inflate": 0
            },
            {
              "origin": [
                -25.62511,
                -0.06308,
                2.0
              ],
              "size": [
                4.0,
                1.0,
                1.0
              ],
              "pivot": [
                -23.62511,
                0.43692,
                2.5
              ],
              "rotation": [
                0.0,
                0.0,
                -30.0
              ],
              "uv": [
                0,
                28
              ],
              "inflate": 0
            },
            {
              "origin": [
                -7.06604,
                0.46279,
                1.82
              ],
              "size": [
                5.6,
                3.36,
                3.36
              ],
              "pivot": [
                -4.26604,
                2.14279,
                3.5
              ],
              "rotation": [
                0.0,
                0.0,
                40.0
              ],
              "uv": [
                0,
                7
              ],
              "inflate": 0
            }
          ],
          "parent": "bone2"
        },
        {
          "name": "Leg2",
          "pivot": [
            3,
            2,
            3.5
          ],
          "cubes": [
            {
              "origin": [
                5.59627,
                3.85673,
                2.0
              ],
              "size": [
                5.0,
                3.0,
                3.0
              ],
              "pivot": [
                8.09627,
                5.35673,
                3.5
              ],
              "rotation": [
                0.0,
                0.0,
                -40.0
              ],
              "uv": [
                32,
                77
              ],
              "inflate": 0,
              "mirror": true
            },
            {
              "origin": [
                8.51393,
                1.79883,
                2.5
              ],
              "size": [
                9.0,
                2.0,
                2.0
              ],
              "pivot": [
                13.01393,
                2.79883,
                3.5
              ],
              "rotation": [
                0.0,
                0.0,
                40.0
              ],
              "uv": [
                79,
                54
              ],
              "inflate": 0,
              "mirror": true
            },
            {
              "origin": [
                14.83022,
                -0.58468,
                2.0
              ],
              "size": [
                4.0,
                1.0,
                3.0
              ],
              "uv": [
                52,
                66
              ],
              "inflate": 0,
              "mirror": true
            },
            {
              "origin": [
                18.48664,
                0.14262,
                4.0
              ],
              "size": [
                4.0,
                1.0,
                1.0
              ],
              "pivot": [
                20.48664,
                0.64262,
                4.5
              ],
              "rotation": [
                0.0,
                0.0,
                -22.5
              ],
              "uv": [
                0,
                28
              ],
              "inflate": 0,
              "mirror": true
            },
            {
              "origin": [
                18.48664,
                0.14262,
                2.0
              ],
              "size": [
                4.0,
                1.0,
                1.0
              ],
              "pivot": [
                20.48664,
                0.64262,
                2.5
              ],
              "rotation": [
                0.0,
                0.0,
                -22.5
              ],
              "uv": [
                0,
                28
              ],
              "inflate": 0,
              "mirror": true
            },
            {
              "origin": [
                15.56137,
                0.01333,
                0.85059
              ],
              "size": [
                4.0,
                1.0,
                1.0
              ],
              "pivot": [
                17.56137,
                0.51333,
                1.35059
              ],
              "rotation": [
                0.0,
                32.5,
                -22.5
              ],
              "uv": [
                0,
                28
              ],
              "inflate": 0,
              "mirror": true
            },
            {
              "origin": [
                18.51032,
                -0.03005,
                -0.87451
              ],
              "size": [
                4.0,
                1.0,
                1.0
              ],
              "pivot": [
                20.51032,
                0.46995,
                -0.37451
              ],
              "rotation": [
                22.26914,
                24.30509,
                22.35385
              ],
              "uv": [
                0,
                28
              ],
              "inflate": 0,
              "mirror": true
            },
            {
              "origin": [
                21.62511,
                -0.06308,
                4.0
              ],
              "size": [
                4.0,
                1.0,
                1.0
              ],
              "pivot": [
                23.62511,
                0.43692,
                4.5
              ],
              "rotation": [
                0.0,
                0.0,
                30.0
              ],
              "uv": [
                0,
                28
              ],
              "inflate": 0,
              "mirror": true
            },
            {
              "origin": [
                21.62511,
                -0.06308,
                2.0
              ],
              "size": [
                4.0,
                1.0,
                1.0
              ],
              "pivot": [
                23.62511,
                0.43692,
                2.5
              ],
              "rotation": [
                0.0,
                0.0,
                30.0
              ],
              "uv": [
                0,
                28
              ],
              "inflate": 0,
              "mirror": true
            },
            {
              "origin": [
                1.46604,
                0.46279,
                1.82
              ],
              "size": [
                5.6,
                3.36,
                3.36
              ],
              "pivot": [
                4.26604,
                2.14279,
                3.5
              ],
              "rotation": [
                0.0,
                0.0,
                -40.0
              ],
              "uv": [
                0,
                7
              ],
              "inflate": 0,
              "mirror": true
            }
          ],
          "parent": "bone2"
        },
        {
          "name": "bone3",
          "pivot": [
            0,
            3,
            13
          ],
          "cubes": [
            {
              "origin": [
                -3.0,
                -1.0,
                10.0
              ],
              "size": [
                6.0,
                5.0,
                11.0
              ],
              "uv": [
                60,
                22
              ],
              "inflate": 0
            },
            {
              "origin": [
                -4.0,
                0.94329,
                9.8652
              ],
              "size": [
                8.0,
                4.0,
                12.0
              ],
              "pivot": [
                0.0,
                2.94329,
                15.8652
              ],
              "rotation": [
                -7.5,
                0.0,
                0.0
              ],
              "uv": [
                28,
                0
              ],
              "inflate": 0
            }
          ],
          "parent": "bone2"
        },
        {
          "name": "Leg3",
          "pivot": [
            -3,
            2,
            12.5
          ],
          "cubes": [
            {
              "origin": [
                -10.59627,
                3.85673,
                11.0
              ],
              "size": [
                5.0,
                3.0,
                3.0
              ],
              "pivot": [
                -8.09627,
                5.35673,
                12.5
              ],
              "rotation": [
                0.0,
                0.0,
                40.0
              ],
              "uv": [
                32,
                77
              ],
              "inflate": 0
            },
            {
              "origin": [
                -17.51393,
                1.79883,
                11.5
              ],
              "size": [
                9.0,
                2.0,
                2.0
              ],
              "pivot": [
                -13.01393,
                2.79883,
                12.5
              ],
              "rotation": [
                0.0,
                0.0,
                -40.0
              ],
              "uv": [
                79,
                54
              ],
              "inflate": 0
            },
            {
              "origin": [
                -18.83022,
                -0.58468,
                11.0
              ],
              "size": [
                4.0,
                1.0,
                3.0
              ],
              "uv": [
                52,
                66
              ],
              "inflate": 0
            },
            {
              "origin": [
                -22.48664,
                0.14262,
                13.0
              ],
              "size": [
                4.0,
                1.0,
                1.0
              ],
              "pivot": [
                -20.48664,
                0.64262,
                13.5
              ],
              "rotation": [
                0.0,
                0.0,
                22.5
              ],
              "uv": [
                0,
                28
              ],
              "inflate": 0
            },
            {
              "origin": [
                -22.48664,
                0.14262,
                11.0
              ],
              "size": [
                4.0,
                1.0,
                1.0
              ],
              "pivot": [
                -20.48664,
                0.64262,
                11.5
              ],
              "rotation": [
                0.0,
                0.0,
                22.5
              ],
              "uv": [
                0,
                28
              ],
              "inflate": 0
            },
            {
              "origin": [
                -19.56137,
                0.01333,
                9.85059
              ],
              "size": [
                4.0,
                1.0,
                1.0
              ],
              "pivot": [
                -17.56137,
                0.51333,
                10.35059
              ],
              "rotation": [
                0.0,
                -32.5,
                22.5
              ],
              "uv": [
                0,
                28
              ],
              "inflate": 0
            },
            {
              "origin": [
                -22.51032,
                -0.03005,
                8.12549
              ],
              "size": [
                4.0,
                1.0,
                1.0
              ],
              "pivot": [
                -20.51032,
                0.46995,
                8.62549
              ],
              "rotation": [
                22.26914,
                -24.30509,
                -22.35385
              ],
              "uv": [
                0,
                28
              ],
              "inflate": 0
            },
            {
              "origin": [
                -25.62511,
                -0.06308,
                13.0
              ],
              "size": [
                4.0,
                1.0,
                1.0
              ],
              "pivot": [
                -23.62511,
                0.43692,
                13.5
              ],
              "rotation": [
                0.0,
                0.0,
                -30.0
              ],
              "uv": [
                0,
                28
              ],
              "inflate": 0
            },
            {
              "origin": [
                -25.62511,
                -0.06308,
                11.0
              ],
              "size": [
                4.0,
                1.0,
                1.0
              ],
              "pivot": [
                -23.62511,
                0.43692,
                11.5
              ],
              "rotation": [
                0.0,
                0.0,
                -30.0
              ],
              "uv": [
                0,
                28
              ],
              "inflate": 0
            },
            {
              "origin": [
                -7.06604,
                0.46279,
                10.82
              ],
              "size": [
                5.6,
                3.36,
                3.36
              ],
              "pivot": [
                -4.26604,
                2.14279,
                12.5
              ],
              "rotation": [
                0.0,
                0.0,
                40.0
              ],
              "uv": [
                0,
                7
              ],
              "inflate": 0
            }
          ],
          "parent": "bone3"
        },
        {
          "name": "Leg4",
          "pivot": [
            3,
            2,
            12.5
          ],
          "cubes": [
            {
              "origin": [
                5.59627,
                3.85673,
                11.0
              ],
              "size": [
                5.0,
                3.0,
                3.0
              ],
              "pivot": [
                8.09627,
                5.35673,
                12.5
              ],
              "rotation": [
                0.0,
                0.0,
                -40.0
              ],
              "uv": [
                32,
                77
              ],
              "inflate": 0,
              "mirror": true
            },
            {
              "origin": [
                8.51393,
                1.79883,
                11.5
              ],
              "size": [
                9.0,
                2.0,
                2.0
              ],
              "pivot": [
                13.01393,
                2.79883,
                12.5
              ],
              "rotation": [
                0.0,
                0.0,
                40.0
              ],
              "uv": [
                79,
                54
              ],
              "inflate": 0,
              "mirror": true
            },
            {
              "origin": [
                14.83022,
                -0.58468,
                11.0
              ],
              "size": [
                4.0,
                1.0,
                3.0
              ],
              "uv": [
                52,
                66
              ],
              "inflate": 0,
              "mirror": true
            },
            {
              "origin": [
                18.48664,
                0.14262,
                13.0
              ],
              "size": [
                4.0,
                1.0,
                1.0
              ],
              "pivot": [
                20.48664,
                0.64262,
                13.5
              ],
              "rotation": [
                0.0,
                0.0,
                -22.5
              ],
              "uv": [
                0,
                28
              ],
              "inflate": 0,
              "mirror": true
            },
            {
              "origin": [
                18.48664,
                0.14262,
                11.0
              ],
              "size": [
                4.0,
                1.0,
                1.0
              ],
              "pivot": [
                20.48664,
                0.64262,
                11.5
              ],
              "rotation": [
                0.0,
                0.0,
                -22.5
              ],
              "uv": [
                0,
                28
              ],
              "inflate": 0,
              "mirror": true
            },
            {
              "origin": [
                15.56137,
                0.01333,
                9.85059
              ],
              "size": [
                4.0,
                1.0,
                1.0
              ],
              "pivot": [
                17.56137,
                0.51333,
                10.35059
              ],
              "rotation": [
                0.0,
                32.5,
                -22.5
              ],
              "uv": [
                0,
                28
              ],
              "inflate": 0,
              "mirror": true
            },
            {
              "origin": [
                18.51032,
                -0.03005,
                8.12549
              ],
              "size": [
                4.0,
                1.0,
                1.0
              ],
              "pivot": [
                20.51032,
                0.46995,
                8.62549
              ],
              "rotation": [
                22.26914,
                24.30509,
                22.35385
              ],
              "uv": [
                0,
                28
              ],
              "inflate": 0,
              "mirror": true
            },
            {
              "origin": [
                21.62511,
                -0.06308,
                13.0
              ],
              "size": [
                4.0,
                1.0,
                1.0
              ],
              "pivot": [
                23.62511,
                0.43692,
                13.5
              ],
              "rotation": [
                0.0,
                0.0,
                30.0
              ],
              "uv": [
                0,
                28
              ],
              "inflate": 0,
              "mirror": true
            },
            {
              "origin": [
                21.62511,
                -0.06308,
                11.0
              ],
              "size": [
                4.0,
                1.0,
                1.0
              ],
              "pivot": [
                23.62511,
                0.43692,
                11.5
              ],
              "rotation": [
                0.0,
                0.0,
                30.0
              ],
              "uv": [
                0,
                28
              ],
              "inflate": 0,
              "mirror": true
            },
            {
              "origin": [
                1.46604,
                0.46279,
                10.82
              ],
              "size": [
                5.6,
                3.36,
                3.36
              ],
              "pivot": [
                4.26604,
                2.14279,
                12.5
              ],
              "rotation": [
                0.0,
                0.0,
                -40.0
              ],
              "uv": [
                0,
                7
              ],
              "inflate": 0,
              "mirror": true
            }
          ],
          "parent": "bone3"
        },
        {
          "name": "bone4",
          "pivot": [
            0,
            1.5,
            21
          ],
          "cubes": [
            {
              "origin": [
                -2.5,
                0.0,
                21.0
              ],
              "size": [
                5.0,
                3.0,
                5.0
              ],
              "uv": [
                62,
                79
              ],
              "inflate": 0
            },
            {
              "origin": [
                -3.0,
                0.5,
                25.0
              ],
              "size": [
                6.0,
                2.0,
                5.0
              ],
              "uv": [
                75,
                38
              ],
              "inflate": 0
            },
            {
              "origin": [
                -4.0,
                1.0,
                29.0
              ],
              "size": [
                8.0,
                1.0,
                3.0
              ],
              "uv": [
                83,
                22
              ],
              "inflate": 0
            },
            {
              "origin": [
                1.82575,
                0.93,
                29.91706
              ],
              "size": [
                2.28,
                1.14,
                9.12
              ],
              "pivot": [
                2.96575,
                1.5,
                34.47706
              ],
              "rotation": [
                0.0,
                20.0,
                0.0
              ],
              "uv": [
                62,
                38
              ],
              "inflate": 0
            },
            {
              "origin": [
                -4.10575,
                0.93,
                29.91706
              ],
              "size": [
                2.28,
                1.14,
                9.12
              ],
              "pivot": [
                -2.96575,
                1.5,
                34.47706
              ],
              "rotation": [
                0.0,
                -20.0,
                0.0
              ],
              "uv": [
                35,
                16
              ],
              "inflate": 0
            },
            {
              "origin": [
                4.52692,
                2.07561,
                38.01382
              ],
              "size": [
                2.0,
                1.0,
                7.0
              ],
              "pivot": [
                5.52692,
                2.57561,
                41.51382
              ],
              "rotation": [
                17.5,
                20.0,
                0.0
              ],
              "uv": [
                80,
                8
              ],
              "inflate": 0
            },
            {
              "origin": [
                -6.52692,
                2.07561,
                38.01382
              ],
              "size": [
                2.0,
                1.0,
                7.0
              ],
              "pivot": [
                -5.52692,
                2.57561,
                41.51382
              ],
              "rotation": [
                17.5,
                -20.0,
                0.0
              ],
              "uv": [
                80,
                0
              ],
              "inflate": 0
            },
            {
              "origin": [
                6.42344,
                6.04429,
                43.22445
              ],
              "size": [
                2.0,
                0.0,
                7.0
              ],
              "pivot": [
                7.42344,
                6.04429,
                46.72445
              ],
              "rotation": [
                45.0,
                20.0,
                0.0
              ],
              "uv": [
                4,
                0
              ],
              "inflate": 0
            },
            {
              "origin": [
                -8.42344,
                6.04429,
                43.22445
              ],
              "size": [
                2.0,
                0.0,
                7.0
              ],
              "pivot": [
                -7.42344,
                6.04429,
                46.72445
              ],
              "rotation": [
                45.0,
                -20.0,
                0.0
              ],
              "uv": [
                0,
                0
              ],
              "inflate": 0
            }
          ],
          "parent": "bone3"
        }
      ]
    }
  ]
}