{
  "format_version": "1.12.0",
  "minecraft:geometry": [
    {
      "description": {
        "identifier": "geometry.yg_crawler",
        "texture_width": 128,
        "texture_height": 128,
        "visible_bounds_width": 5,
        "visible_bounds_height": 2.5,
        "visible_bounds_offset": [
          0,
          0.75,
          0
        ]
      },
      "bones": [
        {
          "name": "Root",
          "pivot": [
            0,
            13,
            -16
          ]
        },
        {
          "name": "Body",
          "pivot": [
            0,
            12.88772,
            -1.02694
          ],
          "cubes": [
            {
              "origin": [
                -2.0,
                12.15035,
                -14.97686
              ],
              "size": [
                4.0,
                4.0,
                7.0
              ],
              "pivot": [
                0.0,
                14.15035,
                -11.47686
              ],
              "rotation": [
                -17.5,
                0.0,
                0.0
              ],
              "uv": [
                21,
                37
              ],
              "inflate": 0
            },
            {
              "origin": [
                -4.0,
                10.0,
                -10.0
              ],
              "size": [
                8.0,
                7.0,
                9.0
              ],
              "uv": [
                0,
                0
              ],
              "inflate": 0
            },
            {
              "origin": [
                -3.0,
                9.12084,
                -1.97243
              ],
              "size": [
                6.0,
                6.0,
                9.0
              ],
              "pivot": [
                0.0,
                12.12084,
                2.52757
              ],
              "rotation": [
                -12.5,
                0.0,
                0.0
              ],
              "uv": [
                21,
                22
              ],
              "inflate": 0
            },
            {
              "origin": [
                -3.24,
                8.53967,
                5.48151
              ],
              "size": [
                6.48,
                6.48,
                9.72
              ],
              "pivot": [
                0.0,
                11.77967,
                10.34151
              ],
              "rotation": [
                7.5,
                0.0,
                0.0
              ],
              "uv": [
                0,
                16
              ],
              "inflate": 0
            }
          ],
          "parent": "Root"
        },
        {
          "name": "Head",
          "pivot": [
            0,
            15,
            -14
          ],
          "cubes": [
            {
              "origin": [
                -4.0,
                13.0,
                -19.0
              ],
              "size": [
                8.0,
                9.0,
                6.0
              ],
              "uv": [
                34,
                0
              ],
              "inflate": 0
            },
            {
              "origin": [
                -8.08258,
                16.50554,
                -16.00895
              ],
              "size": [
                5.0,
                3.0,
                1.0
              ],
              "pivot": [
                -5.58258,
                18.00554,
                -15.50895
              ],
              "rotation": [
                7.12284,
                29.21893,
                14.35885
              ],
              "uv": [
                51,
                28
              ],
              "inflate": 0
            },
            {
              "origin": [
                3.08258,
                16.50554,
                -16.00895
              ],
              "size": [
                5.0,
                3.0,
                1.0
              ],
              "pivot": [
                5.58258,
                18.00554,
                -15.50895
              ],
              "rotation": [
                7.12284,
                -29.21893,
                -14.35885
              ],
              "uv": [
                51,
                28
              ],
              "inflate": 0,
              "mirror": true
            }
          ],
          "parent": "Body"
        },
        {
          "name": "Rightarm",
          "pivot": [
            -4,
            14,
            -7.5
          ],
          "cubes": [
            {
              "origin": [
                -14.61865,
                14.83515,
                -9.12
              ],
              "size": [
                12.96,
                3.24,
                3.24
              ],
              "pivot": [
                -8.13865,
                16.45515,
                -7.5
              ],
              "rotation": [
                0.0,
                0.0,
                32.5
              ],
              "uv": [
                21,
                16
              ],
              "inflate": 0
            }
          ],
          "parent": "Body"
        },
        {
          "name": "bone",
          "pivot": [
            -13,
            19.5,
            -7.5
          ],
          "cubes": [
            {
              "origin": [
                -20.33751,
                16.18279,
                -9.0
              ],
              "size": [
                9.0,
                3.0,
                3.0
              ],
              "pivot": [
                -15.83751,
                17.68279,
                -7.5
              ],
              "rotation": [
                0.0,
                0.0,
                -25.0
              ],
              "uv": [
                42,
                22
              ],
              "inflate": 0
            }
          ],
          "parent": "Rightarm"
        },
        {
          "name": "bone2",
          "pivot": [
            -18.5,
            15,
            -7.5
          ],
          "cubes": [
            {
              "origin": [
                -18.93418,
                6.74067,
                -8.5
              ],
              "size": [
                2.0,
                11.0,
                2.0
              ],
              "pivot": [
                -17.93418,
                12.24067,
                -7.5
              ],
              "rotation": [
                0.0,
                0.0,
                -7.5
              ],
              "uv": [
                0,
                51
              ],
              "inflate": 0
            },
            {
              "origin": [
                -18.0447,
                0.15338,
                -8.72
              ],
              "size": [
                2.44,
                7.32,
                2.44
              ],
              "pivot": [
                -16.8247,
                3.81338,
                -7.5
              ],
              "rotation": [
                0.0,
                0.0,
                -7.5
              ],
              "uv": [
                0,
                0
              ],
              "inflate": 0
            },
            {
              "origin": [
                -17.04,
                0.46,
                -14.32
              ],
              "size": [
                1.08,
                1.08,
                7.64
              ],
              "uv": [
                27,
                49
              ],
              "inflate": 0
            },
            {
              "origin": [
                -17.0,
                0.12423,
                -15.695
              ],
              "size": [
                1.0,
                1.0,
                2.0
              ],
              "pivot": [
                -16.5,
                0.62423,
                -14.695
              ],
              "rotation": [
                25.0,
                0.0,
                0.0
              ],
              "uv": [
                9,
                31
              ],
              "inflate": 0
            },
            {
              "origin": [
                -18.24,
                -0.08,
                -9.32
              ],
              "size": [
                3.48,
                2.16,
                3.64
              ],
              "uv": [
                51,
                15
              ],
              "inflate": 0
            },
            {
              "origin": [
                -18.30785,
                0.46,
                -14.03892
              ],
              "size": [
                1.08,
                1.08,
                7.64
              ],
              "pivot": [
                -17.76785,
                1.0,
                -10.21892
              ],
              "rotation": [
                0.0,
                25.0,
                0.0
              ],
              "uv": [
                18,
                48
              ],
              "inflate": 0
            },
            {
              "origin": [
                -20.04074,
                0.12423,
                -15.02088
              ],
              "size": [
                1.0,
                1.0,
                2.0
              ],
              "pivot": [
                -19.54074,
                0.62423,
                -14.02088
              ],
              "rotation": [
                25.0,
                25.0,
                0.0
              ],
              "uv": [
                25,
                6
              ],
              "inflate": 0
            },
            {
              "origin": [
                -13.95926,
                0.12423,
                -15.02088
              ],
              "size": [
                1.0,
                1.0,
                2.0
              ],
              "pivot": [
                -13.45926,
                0.62423,
                -14.02088
              ],
              "rotation": [
                25.0,
                -25.0,
                0.0
              ],
              "uv": [
                21,
                22
              ],
              "inflate": 0
            },
            {
              "origin": [
                -15.77215,
                0.46,
                -14.03892
              ],
              "size": [
                1.08,
                1.08,
                7.64
              ],
              "pivot": [
                -15.23215,
                1.0,
                -10.21892
              ],
              "rotation": [
                0.0,
                -25.0,
                0.0
              ],
              "uv": [
                45,
                44
              ],
              "inflate": 0
            }
          ],
          "parent": "bone"
        },
        {
          "name": "Leftarm",
          "pivot": [
            4,
            14,
            -7.5
          ],
          "cubes": [
            {
              "origin": [
                1.65865,
                14.83515,
                -9.12
              ],
              "size": [
                12.96,
                3.24,
                3.24
              ],
              "pivot": [
                8.13865,
                16.45515,
                -7.5
              ],
              "rotation": [
                0.0,
                0.0,
                -32.5
              ],
              "uv": [
                21,
                16
              ],
              "inflate": 0,
              "mirror": true
            }
          ],
          "parent": "Body"
        },
        {
          "name": "bone5",
          "pivot": [
            13,
            19.5,
            -7.5
          ],
          "cubes": [
            {
              "origin": [
                11.33751,
                16.18279,
                -9.0
              ],
              "size": [
                9.0,
                3.0,
                3.0
              ],
              "pivot": [
                15.83751,
                17.68279,
                -7.5
              ],
              "rotation": [
                0.0,
                0.0,
                25.0
              ],
              "uv": [
                42,
                22
              ],
              "inflate": 0,
              "mirror": true
            }
          ],
          "parent": "Leftarm"
        },
        {
          "name": "bone6",
          "pivot": [
            18.5,
            15,
            -7.5
          ],
          "cubes": [
            {
              "origin": [
                16.93418,
                6.74067,
                -8.5
              ],
              "size": [
                2.0,
                11.0,
                2.0
              ],
              "pivot": [
                17.93418,
                12.24067,
                -7.5
              ],
              "rotation": [
                0.0,
                0.0,
                7.5
              ],
              "uv": [
                0,
                51
              ],
              "inflate": 0,
              "mirror": true
            },
            {
              "origin": [
                15.6047,
                0.15338,
                -8.72
              ],
              "size": [
                2.44,
                7.32,
                2.44
              ],
              "pivot": [
                16.8247,
                3.81338,
                -7.5
              ],
              "rotation": [
                0.0,
                0.0,
                7.5
              ],
              "uv": [
                0,
                0
              ],
              "inflate": 0,
              "mirror": true
            },
            {
              "origin": [
                15.96,
                0.46,
                -14.32
              ],
              "size": [
                1.08,
                1.08,
                7.64
              ],
              "uv": [
                27,
                49
              ],
              "inflate": 0,
              "mirror": true
            },
            {
              "origin": [
                16.0,
                0.12423,
                -15.695
              ],
              "size": [
                1.0,
                1.0,
                2.0
              ],
              "pivot": [
                16.5,
                0.62423,
                -14.695
              ],
              "rotation": [
                25.0,
                0.0,
                0.0
              ],
              "uv": [
                9,
                31
              ],
              "inflate": 0,
              "mirror": true
            },
            {
              "origin": [
                14.76,
                -0.08,
                -9.32
              ],
              "size": [
                3.48,
                2.16,
                3.64
              ],
              "uv": [
                51,
                15
              ],
              "inflate": 0,
              "mirror": true
            },
            {
              "origin": [
                17.22785,
                0.46,
                -14.03892
              ],
              "size": [
                1.08,
                1.08,
                7.64
              ],
              "pivot": [
                17.76785,
                1.0,
                -10.21892
              ],
              "rotation": [
                0.0,
                -25.0,
                0.0
              ],
              "uv": [
                18,
                48
              ],
              "inflate": 0,
              "mirror": true
            },
            {
              "origin": [
                19.04073,
                0.12423,
                -15.02089
              ],
              "size": [
                1.0,
                1.0,
                2.0
              ],
              "pivot": [
                19.54073,
                0.62423,
                -14.02089
              ],
              "rotation": [
                25.0,
                -25.0,
                0.0
              ],
              "uv": [
                25,
                6
              ],
              "inflate": 0,
              "mirror": true
            },
            {
              "origin": [
                12.95926,
                0.12423,
                -15.02088
              ],
              "size": [
                1.0,
                1.0,
                2.0
              ],
              "pivot": [
                13.45926,
                0.62423,
                -14.02088
              ],
              "rotation": [
                25.0,
                25.0,
                0.0
              ],
              "uv": [
                21,
                22
              ],
              "inflate": 0,
              "mirror": true
            },
            {
              "origin": [
                14.69215,
                0.46,
                -14.03892
              ],
              "size": [
                1.08,
                1.08,
                7.64
              ],
              "pivot": [
                15.23215,
                1.0,
                -10.21892
              ],
              "rotation": [
                0.0,
                25.0,
                0.0
              ],
              "uv": [
                45,
                44
              ],
              "inflate": 0,
              "mirror": true
            }
          ],
          "parent": "bone5"
        },
        {
          "name": "Rightleg",
          "pivot": [
            -3,
            13.5,
            12.5
          ],
          "cubes": [
            {
              "origin": [
                -16.91391,
                15.253,
                10.88
              ],
              "size": [
                11.96,
                3.24,
                3.24
              ],
              "pivot": [
                -10.93391,
                16.873,
                12.5
              ],
              "rotation": [
                0.0,
                0.0,
                32.5
              ],
              "uv": [
                0,
                37
              ],
              "inflate": 0
            },
            {
              "origin": [
                -6.47142,
                12.02089,
                10.9448
              ],
              "size": [
                4.7616,
                3.1104,
                3.1104
              ],
              "pivot": [
                -4.09062,
                13.57609,
                12.5
              ],
              "rotation": [
                0.0,
                0.0,
                7.5
              ],
              "uv": [
                25,
                0
              ],
              "inflate": 0
            }
          ],
          "parent": "Root"
        },
        {
          "name": "bone3",
          "pivot": [
            -15,
            19.5,
            12.5
          ],
          "cubes": [
            {
              "origin": [
                -24.29066,
                15.97148,
                11.0
              ],
              "size": [
                10.0,
                3.0,
                3.0
              ],
              "pivot": [
                -19.29066,
                17.47148,
                12.5
              ],
              "rotation": [
                0.0,
                0.0,
                -25.0
              ],
              "uv": [
                36,
                37
              ],
              "inflate": 0
            }
          ],
          "parent": "Rightleg"
        },
        {
          "name": "bone4",
          "pivot": [
            -22.5,
            15,
            12.5
          ],
          "cubes": [
            {
              "origin": [
                -22.80365,
                6.74922,
                11.5
              ],
              "size": [
                2.0,
                9.0,
                2.0
              ],
              "pivot": [
                -21.80365,
                11.24922,
                12.5
              ],
              "rotation": [
                0.0,
                0.0,
                -7.5
              ],
              "uv": [
                8,
                52
              ],
              "inflate": 0
            },
            {
              "origin": [
                -22.0447,
                0.15338,
                11.28
              ],
              "size": [
                2.44,
                7.32,
                2.44
              ],
              "pivot": [
                -20.8247,
                3.81338,
                12.5
              ],
              "rotation": [
                0.0,
                0.0,
                -7.5
              ],
              "uv": [
                0,
                0
              ],
              "inflate": 0
            },
            {
              "origin": [
                -21.04,
                0.46,
                5.68
              ],
              "size": [
                1.08,
                1.08,
                7.64
              ],
              "uv": [
                9,
                44
              ],
              "inflate": 0
            },
            {
              "origin": [
                -21.0,
                0.12423,
                4.305
              ],
              "size": [
                1.0,
                1.0,
                2.0
              ],
              "pivot": [
                -20.5,
                0.62423,
                5.305
              ],
              "rotation": [
                25.0,
                0.0,
                0.0
              ],
              "uv": [
                0,
                22
              ],
              "inflate": 0
            },
            {
              "origin": [
                -22.24,
                -0.08,
                10.68
              ],
              "size": [
                3.48,
                2.16,
                3.64
              ],
              "uv": [
                0,
                31
              ],
              "inflate": 0
            },
            {
              "origin": [
                -22.30785,
                0.46,
                5.96108
              ],
              "size": [
                1.08,
                1.08,
                7.64
              ],
              "pivot": [
                -21.76785,
                1.0,
                9.78108
              ],
              "rotation": [
                0.0,
                25.0,
                0.0
              ],
              "uv": [
                36,
                43
              ],
              "inflate": 0
            },
            {
              "origin": [
                -24.04074,
                0.12423,
                4.97912
              ],
              "size": [
                1.0,
                1.0,
                2.0
              ],
              "pivot": [
                -23.54074,
                0.62423,
                5.97912
              ],
              "rotation": [
                25.0,
                25.0,
                0.0
              ],
              "uv": [
                0,
                19
              ],
              "inflate": 0
            },
            {
              "origin": [
                -17.95926,
                0.12423,
                4.97912
              ],
              "size": [
                1.0,
                1.0,
                2.0
              ],
              "pivot": [
                -17.45926,
                0.62423,
                5.97912
              ],
              "rotation": [
                25.0,
                -25.0,
                0.0
              ],
              "uv": [
                0,
                16
              ],
              "inflate": 0
            },
            {
              "origin": [
                -19.77215,
                0.46,
                5.96108
              ],
              "size": [
                1.08,
                1.08,
                7.64
              ],
              "pivot": [
                -19.23215,
                1.0,
                9.78108
              ],
              "rotation": [
                0.0,
                -25.0,
                0.0
              ],
              "uv": [
                0,
                43
              ],
              "inflate": 0
            }
          ],
          "parent": "bone3"
        },
        {
          "name": "Leftleg",
          "pivot": [
            3,
            13.5,
            12.5
          ],
          "cubes": [
            {
              "origin": [
                4.95391,
                15.253,
                10.88
              ],
              "size": [
                11.96,
                3.24,
                3.24
              ],
              "pivot": [
                10.93391,
                16.873,
                12.5
              ],
              "rotation": [
                0.0,
                0.0,
                -32.5
              ],
              "uv": [
                0,
                37
              ],
              "inflate": 0,
              "mirror": true
            },
            {
              "origin": [
                1.70982,
                12.02089,
                10.9448
              ],
              "size": [
                4.7616,
                3.1104,
                3.1104
              ],
              "pivot": [
                4.09062,
                13.57609,
                12.5
              ],
              "rotation": [
                0.0,
                0.0,
                -7.5
              ],
              "uv": [
                25,
                0
              ],
              "inflate": 0,
              "mirror": true
            }
          ],
          "parent": "Root"
        },
        {
          "name": "bone7",
          "pivot": [
            15,
            19.5,
            12.5
          ],
          "cubes": [
            {
              "origin": [
                14.29066,
                15.97148,
                11.0
              ],
              "size": [
                10.0,
                3.0,
                3.0
              ],
              "pivot": [
                19.29066,
                17.47148,
                12.5
              ],
              "rotation": [
                0.0,
                0.0,
                25.0
              ],
              "uv": [
                36,
                37
              ],
              "inflate": 0,
              "mirror": true
            }
          ],
          "parent": "Leftleg"
        },
        {
          "name": "bone8",
          "pivot": [
            22.5,
            15,
            12.5
          ],
          "cubes": [
            {
              "origin": [
                20.80365,
                6.74922,
                11.5
              ],
              "size": [
                2.0,
                9.0,
                2.0
              ],
              "pivot": [
                21.80365,
                11.24922,
                12.5
              ],
              "rotation": [
                0.0,
                0.0,
                7.5
              ],
              "uv": [
                8,
                52
              ],
              "inflate": 0,
              "mirror": true
            },
            {
              "origin": [
                19.6047,
                0.15338,
                11.28
              ],
              "size": [
                2.44,
                7.32,
                2.44
              ],
              "pivot": [
                20.8247,
                3.81338,
                12.5
              ],
              "rotation": [
                0.0,
                0.0,
                7.5
              ],
              "uv": [
                0,
                0
              ],
              "inflate": 0,
              "mirror": true
            },
            {
              "origin": [
                19.96,
                0.46,
                5.68
              ],
              "size": [
                1.08,
                1.08,
                7.64
              ],
              "uv": [
                9,
                44
              ],
              "inflate": 0,
              "mirror": true
            },
            {
              "origin": [
                20.0,
                0.12423,
                4.305
              ],
              "size": [
                1.0,
                1.0,
                2.0
              ],
              "pivot": [
                20.5,
                0.62423,
                5.305
              ],
              "rotation": [
                25.0,
                0.0,
                0.0
              ],
              "uv": [
                0,
                22
              ],
              "inflate": 0,
              "mirror": true
            },
            {
              "origin": [
                18.76,
                -0.08,
                10.68
              ],
              "size": [
                3.48,
                2.16,
                3.64
              ],
              "uv": [
                0,
                31
              ],
              "inflate": 0,
              "mirror": true
            },
            {
              "origin": [
                21.22785,
                0.46,
                5.96108
              ],
              "size": [
                1.08,
                1.08,
                7.64
              ],
              "pivot": [
                21.76785,
                1.0,
                9.78108
              ],
              "rotation": [
                0.0,
                -25.0,
                0.0
              ],
              "uv": [
                36,
                43
              ],
              "inflate": 0,
              "mirror": true
            },
            {
              "origin": [
                23.04073,
                0.12423,
                4.97911
              ],
              "size": [
                1.0,
                1.0,
                2.0
              ],
              "pivot": [
                23.54073,
                0.62423,
                5.97911
              ],
              "rotation": [
                25.0,
                -25.0,
                0.0
              ],
              "uv": [
                0,
                19
              ],
              "inflate": 0,
              "mirror": true
            },
            {
              "origin": [
                16.95926,
                0.12423,
                4.97912
              ],
              "size": [
                1.0,
                1.0,
                2.0
              ],
              "pivot": [
                17.45926,
                0.62423,
                5.97912
              ],
              "rotation": [
                25.0,
                25.0,
                0.0
              ],
              "uv": [
                0,
                16
              ],
              "inflate": 0,
              "mirror": true
            },
            {
              "origin": [
                18.69215,
                0.46,
                5.96108
              ],
              "size": [
                1.08,
                1.08,
                7.64
              ],
              "pivot": [
                19.23215,
                1.0,
                9.78108
              ],
              "rotation": [
                0.0,
                25.0,
                0.0
              ],
              "uv": [
                0,
                43
              ],
              "inflate": 0,
              "mirror": true
            }
          ],
          "parent": "bone7"
        }
      ]
    }
  ]
}