{
  "format_version": "1.12.0",
  "minecraft:geometry": [
    {
      "description": {
        "identifier": "geometry.yg_cat_doll",
        "texture_width": 64,
        "texture_height": 64,
        "visible_bounds_width": 3,
        "visible_bounds_height": 3.5,
        "visible_bounds_offset": [
          0,
          1.25,
          0
        ]
      },
      "bones": [
        {
          "name": "Root"
        },
        {
          "name": "Body",
          "pivot": [
            0,
            17,
            0
          ],
          "cubes": [
            {
              "origin": [
                -3.0,
                21.0,
                -3.0
              ],
              "size": [
                6.0,
                4.0,
                6.0
              ],
              "uv": [
                24,
                24
              ],
              "inflate": 0
            },
            {
              "origin": [
                -2.53909,
                18.27138,
                -3.3
              ],
              "size": [
                2.0,
                5.0,
                0.0
              ],
              "pivot": [
                -1.53909,
                20.77138,
                -3.3
              ],
              "rotation": [
                0.0,
                0.0,
                20.0
              ],
              "uv": [
                18,
                35
              ],
              "inflate": 0
            },
            {
              "origin": [
                0.53909,
                18.27138,
                -3.3
              ],
              "size": [
                2.0,
                5.0,
                0.0
              ],
              "pivot": [
                1.53909,
                20.77138,
                -3.3
              ],
              "rotation": [
                0.0,
                0.0,
                -20.0
              ],
              "uv": [
                28,
                34
              ],
              "inflate": 0
            },
            {
              "origin": [
                -1.0,
                22.0,
                -4.0
              ],
              "size": [
                2.0,
                2.0,
                2.0
              ],
              "pivot": [
                0.0,
                23.0,
                -3.0
              ],
              "rotation": [
                -22.5,
                0.0,
                0.0
              ],
              "uv": [
                8,
                39
              ],
              "inflate": 0
            },
            {
              "origin": [
                -1.14,
                22.43,
                -4.14
              ],
              "size": [
                2.28,
                1.14,
                2.28
              ],
              "pivot": [
                0.0,
                23.0,
                -3.0
              ],
              "rotation": [
                -22.5,
                0.0,
                0.0
              ],
              "uv": [
                26,
                5
              ],
              "inflate": 0
            },
            {
              "origin": [
                -3.8385,
                20.85239,
                -3.42
              ],
              "size": [
                2.84,
                4.42,
                6.84
              ],
              "pivot": [
                -2.4185,
                23.06239,
                0.0
              ],
              "rotation": [
                0.0,
                0.0,
                20.0
              ],
              "uv": [
                18,
                34
              ],
              "inflate": 0
            },
            {
              "origin": [
                1.1585,
                20.85239,
                -3.42
              ],
              "size": [
                2.84,
                4.42,
                6.84
              ],
              "pivot": [
                2.5785,
                23.06239,
                0.0
              ],
              "rotation": [
                0.0,
                0.0,
                -20.0
              ],
              "uv": [
                28,
                6
              ],
              "inflate": 0
            },
            {
              "origin": [
                -1.84,
                20.5,
                1.58
              ],
              "size": [
                3.84,
                4.42,
                1.84
              ],
              "uv": [
                38,
                6
              ],
              "inflate": 0
            },
            {
              "origin": [
                -1.84,
                23.5,
                -3.42
              ],
              "size": [
                3.84,
                1.42,
                1.84
              ],
              "uv": [
                0,
                6
              ],
              "inflate": 0
            },
            {
              "origin": [
                -3.24,
                15.76,
                -3.24
              ],
              "size": [
                6.48,
                5.48,
                6.48
              ],
              "uv": [
                0,
                24
              ],
              "inflate": 0
            }
          ],
          "parent": "Root"
        },
        {
          "name": "Tail",
          "pivot": [
            -0.5,
            16.98,
            3
          ],
          "cubes": [
            {
              "origin": [
                -1.0,
                16.48,
                3.0
              ],
              "size": [
                1.0,
                1.0,
                4.0
              ],
              "uv": [
                32,
                1
              ],
              "inflate": 0
            }
          ],
          "parent": "Body"
        },
        {
          "name": "bone",
          "pivot": [
            -0.5,
            16.98,
            7
          ],
          "cubes": [
            {
              "origin": [
                -1.07,
                16.41,
                6.72
              ],
              "size": [
                1.14,
                1.14,
                4.56
              ],
              "uv": [
                26,
                0
              ],
              "inflate": 0
            }
          ],
          "parent": "Tail"
        },
        {
          "name": "bone2",
          "pivot": [
            -0.5,
            16.98,
            11
          ],
          "cubes": [
            {
              "origin": [
                -1.11,
                16.37,
                10.56
              ],
              "size": [
                1.22,
                1.22,
                4.88
              ],
              "uv": [
                18,
                24
              ],
              "inflate": 0
            }
          ],
          "parent": "bone"
        },
        {
          "name": "Head",
          "pivot": [
            0,
            25,
            0
          ],
          "cubes": [
            {
              "origin": [
                -4.0,
                29.0,
                -4.0
              ],
              "size": [
                8.0,
                4.0,
                8.0
              ],
              "uv": [
                0,
                12
              ],
              "inflate": 0
            },
            {
              "origin": [
                -3.46,
                28.92,
                -4.24
              ],
              "size": [
                2.16,
                2.16,
                1.08
              ],
              "uv": [
                0,
                24
              ],
              "inflate": 0
            },
            {
              "origin": [
                1.3,
                28.92,
                -4.24
              ],
              "size": [
                2.16,
                2.16,
                1.08
              ],
              "uv": [
                0,
                24
              ],
              "inflate": 0,
              "mirror": true
            },
            {
              "origin": [
                -4.5,
                25.0,
                -4.0
              ],
              "size": [
                9.0,
                4.0,
                8.0
              ],
              "uv": [
                0,
                0
              ],
              "inflate": 0
            },
            {
              "origin": [
                -6.48999,
                28.90628,
                -1.5
              ],
              "size": [
                5.0,
                5.0,
                3.0
              ],
              "pivot": [
                -3.98999,
                31.40628,
                0.0
              ],
              "rotation": [
                0.0,
                0.0,
                -50.0
              ],
              "uv": [
                34,
                34
              ],
              "inflate": 0
            },
            {
              "origin": [
                1.48999,
                28.90628,
                -1.5
              ],
              "size": [
                5.0,
                5.0,
                3.0
              ],
              "pivot": [
                3.98999,
                31.40628,
                0.0
              ],
              "rotation": [
                0.0,
                0.0,
                50.0
              ],
              "uv": [
                32,
                16
              ],
              "inflate": 0
            },
            {
              "origin": [
                -8.28064,
                32.65005,
                -1.18
              ],
              "size": [
                3.36,
                2.18,
                2.36
              ],
              "pivot": [
                -6.60064,
                33.74005,
                0.0
              ],
              "rotation": [
                0.0,
                0.0,
                -50.0
              ],
              "uv": [
                38,
                0
              ],
              "inflate": 0
            },
            {
              "origin": [
                4.92064,
                32.65005,
                -1.18
              ],
              "size": [
                3.36,
                2.18,
                2.36
              ],
              "pivot": [
                6.60064,
                33.74005,
                0.0
              ],
              "rotation": [
                0.0,
                0.0,
                50.0
              ],
              "uv": [
                8,
                35
              ],
              "inflate": 0
            }
          ],
          "parent": "Body"
        },
        {
          "name": "Rightarm",
          "pivot": [
            -3,
            24,
            0
          ],
          "cubes": [
            {
              "origin": [
                -4.42839,
                16.89921,
                -1.0
              ],
              "size": [
                2.0,
                8.0,
                2.0
              ],
              "pivot": [
                -3.42839,
                20.89921,
                0.0
              ],
              "rotation": [
                0.0,
                0.0,
                20.0
              ],
              "uv": [
                0,
                35
              ],
              "inflate": 0
            }
          ],
          "parent": "Body"
        },
        {
          "name": "Leftarm",
          "pivot": [
            3,
            24,
            0
          ],
          "cubes": [
            {
              "origin": [
                2.42839,
                16.89921,
                -1.0
              ],
              "size": [
                2.0,
                8.0,
                2.0
              ],
              "pivot": [
                3.42839,
                20.89921,
                0.0
              ],
              "rotation": [
                0.0,
                0.0,
                -20.0
              ],
              "uv": [
                0,
                35
              ],
              "inflate": 0,
              "mirror": true
            }
          ],
          "parent": "Body"
        },
        {
          "name": "Rightleg",
          "pivot": [
            -2,
            16,
            -0.5
          ],
          "cubes": [
            {
              "origin": [
                -3.14,
                11.65919,
                -1.19527
              ],
              "size": [
                2.28,
                4.56,
                2.28
              ],
              "pivot": [
                -2.0,
                13.93919,
                -0.05527
              ],
              "rotation": [
                12.5,
                0.0,
                0.0
              ],
              "uv": [
                0,
                12
              ],
              "inflate": 0
            },
            {
              "origin": [
                -3.0,
                9.0,
                0.0
              ],
              "size": [
                2.0,
                4.0,
                2.0
              ],
              "uv": [
                0,
                0
              ],
              "inflate": 0
            },
            {
              "origin": [
                -3.1,
                7.91185,
                0.00822
              ],
              "size": [
                2.2,
                2.2,
                2.2
              ],
              "pivot": [
                -2.0,
                9.01185,
                1.10822
              ],
              "rotation": [
                12.5,
                0.0,
                0.0
              ],
              "uv": [
                24,
                16
              ],
              "inflate": 0
            }
          ],
          "parent": "Root"
        },
        {
          "name": "Leftleg",
          "pivot": [
            2,
            16,
            -0.5
          ],
          "cubes": [
            {
              "origin": [
                0.86,
                11.65919,
                -1.19527
              ],
              "size": [
                2.28,
                4.56,
                2.28
              ],
              "pivot": [
                2.0,
                13.93919,
                -0.05527
              ],
              "rotation": [
                12.5,
                0.0,
                0.0
              ],
              "uv": [
                0,
                12
              ],
              "inflate": 0,
              "mirror": true
            },
            {
              "origin": [
                1.0,
                9.0,
                0.0
              ],
              "size": [
                2.0,
                4.0,
                2.0
              ],
              "uv": [
                0,
                0
              ],
              "inflate": 0,
              "mirror": true
            },
            {
              "origin": [
                0.9,
                7.91185,
                0.00822
              ],
              "size": [
                2.2,
                2.2,
                2.2
              ],
              "pivot": [
                2.0,
                9.01185,
                1.10822
              ],
              "rotation": [
                12.5,
                0.0,
                0.0
              ],
              "uv": [
                24,
                16
              ],
              "inflate": 0,
              "mirror": true
            }
          ],
          "parent": "Root"
        }
      ]
    }
  ]
}